Id,Predictions
1, 1770
2, 1770
3, 1770
4, 1770
5, 1770
6, 1770
7, 1770
8, 1770
9, 1770
10, 1770
11, 1770
12, 1770
13, 1770
14, 1770
15, 1770
16, 1770
17, 1770
18, 1770
19, 1770
20, 1770
21, 1770
22, 1770
23, 1770
24, 1770
25, 1770
26, 1770
27, 1770
28, 1770
29, 1770
30, 1770
31, 1770
32, 1770
33, 1770
34, 1770
35, 1770
36, 1770
37, 1770
38, 1770
39, 1770
40, 1770
41, 1770
42, 1770
43, 1770
44, 1770
45, 1770
46, 1770
47, 1770
48, 1770
49, 1770
50, 1770
51, 1770
52, 1770
53, 1770
54, 1770
55, 1770
56, 1770
57, 1770
58, 1770
59, 1770
60, 1770
61, 1770
62, 1770
63, 1770
64, 1770
65, 1770
66, 1770
67, 1770
68, 1770
69, 1770
70, 1770
71, 1770
72, 1770
73, 1770
74, 1770
75, 1770
76, 1770
77, 1770
78, 1770
79, 1770
80, 1770
81, 1770
82, 1770
83, 1770
84, 1770
85, 1770
86, 1770
87, 1770
88, 1770
89, 1770
90, 1770
91, 1770
92, 1770
93, 1770
94, 1770
95, 1770
96, 1770
97, 1770
98, 1770
99, 1770
100, 1770
101, 1770
102, 1770
103, 1770
104, 1770
105, 1770
106, 1770
107, 1770
108, 1770
109, 1770
110, 1770
111, 1770
112, 1770
113, 1770
114, 1770
115, 1770
116, 1770
117, 1770
118, 1770
119, 1770
120, 1770
121, 1770
122, 1770
123, 1770
124, 1770
125, 1770
126, 1770
127, 1770
128, 1770
129, 1770
130, 1770
131, 1770
132, 1770
133, 1770
134, 1770
135, 1770
136, 1770
137, 1770
138, 1770
139, 1770
140, 1770
141, 1770
142, 1770
143, 1770
144, 1770
145, 1770
146, 1770
147, 1770
148, 1770
149, 1770
150, 1770
151, 798
152, 1770
153, 1770
154, 1770
155, 1770
156, 1770
157, 1770
158, 1770
159, 1770
160, 1770
161, 1770
162, 1770
163, 1770
164, 1770
165, 1770
166, 1770
167, 1770
168, 1770
169, 1770
170, 1770
171, 1770
172, 1770
173, 1770
174, 1770
175, 1770
176, 1770
177, 1770
178, 1770
179, 1770
180, 1770
181, 1770
182, 1770
183, 1770
184, 1770
185, 1770
186, 1770
187, 1770
188, 1770
189, 1770
190, 1770
191, 1770
192, 1770
193, 1770
194, 1770
195, 1770
196, 1770
197, 1770
198, 1770
199, 1770
200, 1770
201, 1770
202, 1770
203, 1770
204, 1770
205, 1770
206, 1770
207, 1770
208, 1770
209, 1770
210, 1770
211, 1770
212, 1770
213, 1770
214, 1770
215, 1770
216, 1770
217, 1770
218, 1770
219, 1770
220, 1770
221, 1770
222, 1770
223, 1770
224, 1770
225, 1770
226, 1770
227, 1770
228, 1770
229, 1770
230, 1770
231, 1770
232, 1770
233, 1770
234, 1770
235, 1770
236, 1770
237, 1770
238, 1770
239, 1770
240, 1770
241, 1770
242, 1770
243, 1770
244, 1770
245, 1770
246, 1770
247, 1770
248, 1770
249, 1770
250, 1770
251, 1770
252, 1770
253, 1770
254, 1770
255, 1770
256, 1770
257, 1770
258, 1770
259, 1770
260, 1770
261, 1770
262, 1770
263, 1770
264, 1770
265, 1770
266, 1770
267, 1770
268, 1770
269, 1770
270, 1770
271, 1770
272, 1770
273, 1770
274, 1770
275, 1770
276, 1770
277, 1770
278, 1770
279, 1770
280, 1770
281, 1770
282, 1770
283, 1770
284, 1770
285, 1770
286, 1770
287, 1770
288, 1770
289, 1770
290, 1770
291, 1770
292, 1770
293, 1770
294, 1770
295, 1770
296, 1770
297, 1770
298, 1770
299, 1770
300, 1770
301, 1770
302, 1770
303, 1770
304, 1770
305, 1770
306, 1770
307, 1770
308, 1770
309, 1770
310, 1770
311, 1770
312, 1770
313, 1770
314, 1770
315, 1770
316, 1770
317, 1770
318, 1770
319, 1770
320, 1770
321, 1770
322, 1770
323, 1770
324, 1770
325, 1770
326, 1770
327, 1770
328, 1770
329, 1770
330, 1770
331, 1770
332, 1770
333, 1770
334, 1770
335, 1770
336, 1770
337, 1770
338, 1770
339, 1770
340, 1770
341, 1770
342, 1770
343, 1770
344, 1770
345, 1770
346, 1770
347, 1770
348, 1770
349, 1770
350, 1770
351, 1770
352, 1770
353, 1770
354, 1770
355, 1770
356, 1770
357, 1770
358, 1770
359, 1770
360, 1770
361, 1770
362, 1770
363, 1770
364, 1770
365, 1770
366, 1770
367, 1770
368, 1770
369, 1770
370, 1770
371, 1770
372, 1770
373, 1770
374, 1770
375, 1770
376, 1770
377, 1770
378, 1770
379, 1770
380, 1770
381, 1770
382, 1770
383, 1770
384, 1770
385, 1770
386, 1770
387, 1770
388, 1770
389, 1770
390, 1770
391, 1770
392, 1770
393, 1770
394, 1770
395, 1770
396, 1770
397, 1770
398, 1770
399, 1770
400, 1770
401, 1770
402, 1770
403, 1770
404, 1770
405, 1770
406, 1770
407, 1770
408, 1770
409, 1770
410, 1770
411, 1770
412, 1770
413, 1770
414, 1770
415, 1770
416, 1770
417, 1770
418, 1770
419, 1770
420, 1770
421, 1770
422, 1770
423, 1770
424, 1770
425, 1770
426, 1770
427, 1770
428, 1770
429, 1770
430, 1770
431, 1770
432, 1770
433, 1770
434, 1770
435, 1770
436, 1770
437, 1770
438, 1770
439, 1770
440, 1770
441, 1770
442, 1770
443, 1770
444, 1770
445, 1770
446, 1770
447, 1770
448, 1770
449, 1770
450, 1770
451, 1770
452, 1770
453, 1770
454, 1770
455, 1770
456, 1770
457, 1770
458, 1770
459, 1770
460, 1770
461, 1770
462, 1770
463, 1770
464, 1770
465, 1770
466, 1770
467, 1770
468, 1770
469, 1770
470, 1770
471, 1770
472, 1770
473, 1770
474, 1770
475, 1770
476, 1770
477, 1770
478, 1770
479, 1770
480, 1770
481, 1770
482, 1770
483, 1770
484, 1770
485, 1770
486, 1770
487, 1770
488, 1770
489, 1770
490, 1770
491, 1770
492, 1770
493, 1770
494, 1770
495, 1770
496, 1770
497, 1770
498, 1770
499, 1770
500, 1770
501, 1770
502, 1770
503, 1770
504, 1770
505, 1770
506, 1770
507, 1770
508, 1770
509, 1770
510, 1770
511, 1770
512, 1770
513, 1770
514, 1770
515, 1770
516, 1770
517, 1770
518, 1770
519, 1770
520, 1770
521, 1770
522, 1770
523, 1770
524, 1770
525, 1770
526, 1770
527, 1770
528, 1770
529, 1770
530, 1770
531, 1770
532, 1770
533, 1770
534, 1770
535, 1770
536, 1770
537, 1770
538, 1770
539, 1770
540, 1770
541, 1770
542, 1770
543, 1770
544, 1770
545, 1770
546, 1770
547, 1770
548, 1770
549, 1770
550, 1770
551, 1770
552, 1770
553, 1770
554, 1770
555, 1770
556, 1770
557, 1770
558, 1770
559, 1770
560, 1770
561, 1770
562, 1770
563, 1770
564, 1770
565, 1770
566, 1770
567, 1770
568, 1770
569, 1770
570, 1770
571, 1770
572, 1770
573, 1770
574, 1770
575, 1770
576, 1770
577, 1770
578, 1770
579, 1770
580, 1770
581, 1770
582, 1770
583, 1770
584, 1770
585, 1770
586, 1770
587, 1770
588, 1770
589, 1770
590, 1770
591, 1770
592, 1770
593, 1770
594, 1770
595, 1770
596, 1770
597, 1770
598, 1770
599, 1770
600, 1770
601, 1770
602, 1770
603, 1770
604, 1770
605, 1770
606, 1770
607, 1770
608, 1770
609, 1770
610, 1770
611, 1770
612, 1770
613, 1770
614, 1770
615, 1773
616, 1770
617, 1770
618, 1770
619, 1770
620, 1770
621, 1770
622, 1770
623, 1770
624, 1770
625, 1770
626, 1770
627, 1770
628, 1770
629, 1770
630, 1770
631, 1770
632, 1770
633, 1770
634, 1770
635, 1770
636, 1770
637, 1770
638, 1770
639, 1770
640, 1770
641, 1770
642, 1770
643, 1770
644, 1770
645, 1770
646, 1770
647, 1770
648, 1770
649, 1770
650, 1770
651, 1770
652, 1770
653, 1770
654, 1770
655, 1770
656, 1770
657, 1770
658, 1770
659, 1770
660, 1770
661, 1770
662, 1770
663, 1770
664, 1770
665, 1770
666, 1770
667, 1770
668, 1770
669, 1770
670, 1770
671, 1770
672, 1770
673, 1770
674, 1770
675, 1770
676, 1770
677, 1770
678, 1770
679, 1770
680, 1770
681, 1770
682, 1770
683, 1770
684, 1770
685, 1770
686, 1770
687, 1770
688, 1770
689, 1770
690, 1770
691, 1770
692, 1770
693, 1770
694, 1770
695, 1770
696, 1770
697, 1770
698, 1770
699, 1770
700, 1770
701, 1770
702, 1770
703, 1770
704, 1770
705, 1770
706, 1770
707, 1770
708, 1770
709, 1770
710, 1846
711, 1770
712, 1770
713, 1770
714, 1770
715, 1770
716, 1770
717, 1770
718, 1770
719, 1770
720, 1770
721, 1770
722, 1770
723, 1770
724, 1770
725, 1770
726, 1770
727, 1770
728, 1770
729, 1770
730, 1770
731, 1770
732, 1770
733, 1770
734, 1770
735, 1770
736, 1770
737, 1770
738, 1770
739, 1770
740, 1468
741, 1770
742, 1770
743, 1770
744, 1770
745, 1770
746, 1770
747, 1770
748, 1770
749, 1770
750, 1770
751, 1770
752, 1770
753, 1770
754, 1770
755, 1770
756, 1770
757, 1770
758, 1770
759, 1770
760, 1770
761, 1770
762, 1770
763, 1770
764, 1770
765, 1770
766, 1770
767, 1770
768, 1770
769, 1770
770, 1770
771, 1770
772, 1770
773, 1770
774, 1770
775, 1770
776, 1770
777, 1770
778, 1770
779, 1770
780, 1770
781, 1770
782, 1770
783, 1770
784, 1770
785, 1770
786, 1770
787, 1770
788, 1770
789, 1770
790, 1770
791, 1770
792, 1770
793, 1770
794, 1770
795, 1770
796, 1770
797, 1770
798, 1770
799, 1770
800, 1770
801, 1770
802, 1770
803, 1770
804, 1770
805, 1770
806, 1770
807, 1770
808, 1770
809, 1770
810, 1770
811, 1770
812, 1770
813, 1770
814, 1770
815, 1770
816, 1770
817, 1770
818, 1770
819, 1770
820, 1770
821, 1770
822, 1770
823, 1770
824, 1770
825, 1770
826, 1770
827, 1770
828, 1770
829, 1770
830, 1770
831, 1770
832, 1770
833, 1770
834, 1770
835, 1770
836, 1770
837, 1770
838, 1770
839, 1770
840, 1770
841, 1770
842, 1770
843, 1770
844, 1770
845, 1770
846, 1770
847, 1770
848, 1770
849, 1770
850, 1770
851, 1770
852, 1770
853, 1770
854, 1770
855, 1770
856, 1770
857, 1770
858, 1770
859, 1770
860, 1770
861, 1770
862, 1770
863, 1770
864, 1770
865, 1770
866, 1770
867, 1770
868, 1770
869, 1770
870, 1770
871, 1770
872, 1770
873, 1770
874, 1770
875, 1770
876, 1770
877, 1770
878, 1770
879, 1770
880, 1770
881, 1770
882, 1770
883, 1770
884, 1770
885, 1770
886, 1770
887, 1770
888, 1770
889, 1770
890, 1770
891, 1770
892, 1770
893, 1770
894, 1770
895, 1770
896, 1770
897, 1770
898, 1770
899, 1770
900, 1770
901, 1770
902, 1770
903, 1770
904, 1770
905, 1770
906, 1770
907, 1770
908, 1770
909, 1770
910, 1770
911, 1770
912, 1770
913, 1770
914, 1770
915, 1770
916, 1770
917, 1770
918, 1770
919, 1770
920, 1770
921, 1770
922, 1770
923, 1770
924, 1770
925, 1770
926, 1770
927, 1770
928, 1770
929, 1770
930, 1770
931, 1770
932, 1770
933, 1770
934, 1770
935, 1770
936, 1770
937, 1770
938, 1770
939, 1770
940, 1770
941, 1770
942, 1770
943, 1770
944, 1770
945, 1770
946, 1770
947, 1770
948, 1770
949, 1770
950, 1770
951, 1770
952, 1770
953, 1770
954, 1770
955, 1770
956, 1770
957, 1770
958, 1770
959, 1770
960, 1770
961, 1770
962, 1770
963, 1770
964, 1770
965, 1770
966, 1770
967, 1770
968, 1770
969, 1770
970, 1770
971, 1770
972, 1770
973, 1770
974, 1770
975, 1770
976, 1770
977, 1770
978, 1770
979, 1770
980, 1770
981, 1770
982, 1770
983, 1770
984, 1770
985, 1770
986, 1770
987, 1770
988, 1770
989, 1770
990, 1770
991, 1770
992, 1770
993, 1770
994, 1770
995, 1770
996, 1770
997, 1770
998, 1770
999, 1770
1000, 1770
1001, 1770
1002, 1770
1003, 1770
1004, 1770
1005, 1770
1006, 1770
1007, 1770
1008, 1770
1009, 1770
1010, 1770
1011, 1770
1012, 1770
1013, 1770
1014, 1770
1015, 1770
1016, 1770
1017, 1770
1018, 1770
1019, 1770
1020, 1770
1021, 1770
1022, 1770
1023, 1770
1024, 1770
1025, 1770
1026, 1770
1027, 1770
1028, 1770
1029, 1770
1030, 1770
1031, 1770
1032, 1770
1033, 1770
1034, 1770
1035, 1770
1036, 1770
1037, 1770
1038, 1770
1039, 1770
1040, 1770
1041, 1770
1042, 1770
1043, 1770
1044, 1770
1045, 1770
1046, 1770
1047, 1770
1048, 1770
1049, 1770
1050, 1770
1051, 1770
1052, 1770
1053, 1770
1054, 1770
1055, 1770
1056, 1770
1057, 1770
1058, 1770
1059, 1770
1060, 1770
1061, 1770
1062, 1770
1063, 1770
1064, 1770
1065, 1770
1066, 1770
1067, 1770
1068, 1770
1069, 1770
1070, 1770
1071, 1770
1072, 1770
1073, 1770
1074, 1770
1075, 1770
1076, 1770
1077, 1770
1078, 1770
1079, 1770
1080, 1770
1081, 1770
1082, 1770
1083, 1770
1084, 1770
1085, 1770
1086, 1770
1087, 1770
1088, 1770
1089, 1770
1090, 1770
1091, 1770
1092, 1770
1093, 1770
1094, 1770
1095, 1770
1096, 1770
1097, 1770
1098, 1770
1099, 1770
1100, 1770
1101, 1770
1102, 1770
1103, 1770
1104, 1770
1105, 1770
1106, 1770
1107, 1770
1108, 1770
1109, 1770
1110, 1770
1111, 1770
1112, 1770
1113, 1770
1114, 1770
1115, 1770
1116, 1770
1117, 1770
1118, 1770
1119, 1770
1120, 1770
1121, 1770
1122, 1770
1123, 1770
1124, 1770
1125, 1770
1126, 1770
1127, 1770
1128, 1770
1129, 1770
1130, 1770
1131, 1770
1132, 1770
1133, 1770
1134, 1770
1135, 1770
1136, 1770
1137, 1770
1138, 1770
1139, 1770
1140, 1770
1141, 1770
1142, 1770
1143, 1770
1144, 1770
1145, 1770
1146, 1770
1147, 1770
1148, 1770
1149, 1770
1150, 1770
1151, 1770
1152, 45918
1153, 1770
1154, 1770
1155, 1770
1156, 1770
1157, 1770
1158, 1770
1159, 1770
1160, 1770
1161, 1770
1162, 1770
1163, 1770
1164, 1770
1165, 1770
1166, 1770
1167, 1770
1168, 1770
1169, 1770
1170, 1770
1171, 1770
1172, 1770
1173, 1770
1174, 1770
1175, 1770
1176, 1770
1177, 1770
1178, 1770
1179, 1770
1180, 1770
1181, 1770
1182, 1770
1183, 1770
1184, 1770
1185, 1770
1186, 1770
1187, 1770
1188, 1770
1189, 1770
1190, 1770
1191, 1770
1192, 1770
1193, 1770
1194, 1770
1195, 1770
1196, 1770
1197, 1770
1198, 1770
1199, 1770
1200, 1770
1201, 1770
1202, 1770
1203, 1770
1204, 1770
1205, 1770
1206, 1770
1207, 1770
1208, 1770
1209, 1770
1210, 1770
1211, 1770
1212, 1770
1213, 1770
1214, 1770
1215, 1770
1216, 1770
1217, 1770
1218, 1770
1219, 1770
1220, 1770
1221, 1770
1222, 1770
1223, 1770
1224, 1770
1225, 1770
1226, 1770
1227, 1770
1228, 1770
1229, 1770
1230, 1770
1231, 1770
1232, 1770
1233, 1770
1234, 1770
1235, 1770
1236, 1770
1237, 1770
1238, 1770
1239, 1770
1240, 1770
1241, 1770
1242, 1770
1243, 1770
1244, 1770
1245, 1770
1246, 1770
1247, 1770
1248, 1770
1249, 1770
1250, 1770
1251, 1770
1252, 1770
1253, 1770
1254, 1770
1255, 1770
1256, 1770
1257, 1770
1258, 1770
1259, 1770
1260, 1770
1261, 1770
1262, 1770
1263, 1770
1264, 1770
1265, 1770
1266, 1770
1267, 1770
1268, 1770
1269, 1770
1270, 1770
1271, 1770
1272, 1770
1273, 1770
1274, 1770
1275, 1770
1276, 1770
1277, 1770
1278, 1770
1279, 1770
1280, 1770
1281, 1770
1282, 1770
1283, 1770
1284, 1770
1285, 1770
1286, 1770
1287, 1770
1288, 1770
1289, 1770
1290, 1770
1291, 1770
1292, 1770
1293, 1770
1294, 1770
1295, 1770
1296, 1770
1297, 1770
1298, 1770
1299, 1770
1300, 1770
1301, 1770
1302, 1770
1303, 1770
1304, 1770
1305, 1770
1306, 1770
1307, 1770
1308, 1770
1309, 1770
1310, 1770
1311, 1770
1312, 1770
1313, 1770
1314, 1770
1315, 1770
1316, 1770
1317, 1770
1318, 1770
1319, 1770
1320, 1770
1321, 1770
1322, 1770
1323, 1770
1324, 1770
1325, 1770
1326, 1770
1327, 1770
1328, 1770
1329, 1770
1330, 1770
1331, 1770
1332, 1770
1333, 1770
1334, 1770
1335, 1770
1336, 1770
1337, 1770
1338, 1770
1339, 1770
1340, 1770
1341, 1770
1342, 1770
1343, 1770
1344, 1770
1345, 1770
1346, 1770
1347, 1770
1348, 1770
1349, 1770
1350, 1770
1351, 1770
1352, 1770
1353, 1770
1354, 1770
1355, 1770
1356, 1770
1357, 1770
1358, 1770
1359, 1770
1360, 1770
1361, 1770
1362, 1770
1363, 1770
1364, 1770
1365, 1770
1366, 1770
1367, 1770
1368, 1770
1369, 1770
1370, 1770
1371, 1770
1372, 1770
1373, 1770
1374, 1770
1375, 1770
1376, 1770
1377, 1770
1378, 1770
1379, 1770
1380, 1770
1381, 1772
1382, 1770
1383, 1770
1384, 1770
1385, 1770
1386, 1770
1387, 1770
1388, 1770
1389, 1770
1390, 1770
1391, 1770
1392, 1770
1393, 1770
1394, 1770
1395, 1770
1396, 1770
1397, 1770
1398, 1770
1399, 1770
1400, 1770
1401, 1770
1402, 1770
1403, 1770
1404, 1770
1405, 1770
1406, 1770
1407, 1770
1408, 1770
1409, 1770
1410, 1770
1411, 1770
1412, 1770
1413, 1770
1414, 1770
1415, 1770
1416, 1770
1417, 1770
1418, 1770
1419, 1770
1420, 1770
1421, 1770
1422, 1770
1423, 1770
1424, 1770
1425, 1770
1426, 1770
1427, 1770
1428, 1770
1429, 1770
1430, 1770
1431, 1770
1432, 1770
1433, 1770
1434, 1770
1435, 1770
1436, 1770
1437, 1770
1438, 1770
1439, 1770
1440, 1770
1441, 1770
1442, 1770
1443, 1770
1444, 1770
1445, 1770
1446, 1770
1447, 1770
1448, 1770
1449, 1770
1450, 1770
1451, 1770
1452, 1770
1453, 1770
1454, 1770
1455, 1770
1456, 1770
1457, 1770
1458, 1770
1459, 1770
1460, 1770
1461, 1770
1462, 1770
1463, 1770
1464, 1770
1465, 1770
1466, 1770
1467, 1770
1468, 1770
1469, 1770
1470, 1770
1471, 1770
1472, 1770
1473, 1770
1474, 1770
1475, 1770
1476, 1770
1477, 1770
1478, 1770
1479, 1770
1480, 1770
1481, 1770
1482, 1770
1483, 1770
1484, 1770
1485, 1770
1486, 1770
1487, 1770
1488, 1770
1489, 1770
1490, 1770
1491, 1770
1492, 1770
1493, 1770
1494, 1770
1495, 1770
1496, 1770
1497, 1770
1498, 1770
1499, 1770
1500, 1770
1501, 1770
1502, 1770
1503, 1770
1504, 1770
1505, 1770
1506, 1770
1507, 1770
1508, 1770
1509, 1770
1510, 1770
1511, 1770
1512, 1770
1513, 1770
1514, 1770
1515, 1770
1516, 1770
1517, 1770
1518, 1770
1519, 1770
1520, 1770
1521, 1770
1522, 1770
1523, 1770
1524, 1770
1525, 1770
1526, 1770
1527, 1770
1528, 1770
1529, 1770
1530, 1770
1531, 1770
1532, 1770
1533, 1770
1534, 1770
1535, 1770
1536, 1770
1537, 1770
1538, 1770
1539, 1770
1540, 1770
1541, 1770
1542, 1770
1543, 1770
1544, 1770
1545, 1770
1546, 1770
1547, 1770
1548, 1770
1549, 1770
1550, 1770
1551, 1770
1552, 1770
1553, 1770
1554, 1770
1555, 1770
1556, 1770
1557, 1770
1558, 1770
1559, 1770
1560, 1770
1561, 1770
1562, 1770
1563, 1770
1564, 1770
1565, 1770
1566, 1770
1567, 1770
1568, 1770
1569, 1770
1570, 1770
1571, 1770
1572, 1770
1573, 1770
1574, 1770
1575, 1770
1576, 1770
1577, 1770
1578, 1770
1579, 1770
1580, 1770
1581, 1770
1582, 1770
1583, 1770
1584, 1770
1585, 1770
1586, 1770
1587, 1770
1588, 1770
1589, 1770
1590, 1770
1591, 1770
1592, 1770
1593, 1770
1594, 1770
1595, 1770
1596, 1770
1597, 1770
1598, 1770
1599, 1770
1600, 1725
1601, 1770
1602, 1770
1603, 1770
1604, 1770
1605, 1770
1606, 1770
1607, 1770
1608, 1770
1609, 1770
1610, 1770
1611, 1770
1612, 1770
1613, 1770
1614, 1770
1615, 1770
1616, 1770
1617, 1770
1618, 1770
1619, 1770
1620, 1770
1621, 1770
1622, 1770
1623, 1770
1624, 1770
1625, 1770
1626, 1770
1627, 1770
1628, 1770
1629, 1770
1630, 1770
1631, 1770
1632, 1770
1633, 1770
1634, 1770
1635, 1770
1636, 1770
1637, 1770
1638, 1770
1639, 1770
1640, 1770
1641, 1770
1642, 1770
1643, 1806
1644, 1770
1645, 1770
1646, 1770
1647, 1770
1648, 1770
1649, 1770
1650, 1770
1651, 1770
1652, 1770
1653, 1770
1654, 1770
1655, 1770
1656, 1770
1657, 1770
1658, 1770
1659, 1770
1660, 1770
1661, 1770
1662, 1770
1663, 1777
1664, 1770
1665, 1770
1666, 1770
1667, 1770
1668, 1770
1669, 1770
1670, 1770
1671, 1770
1672, 1770
1673, 1770
1674, 1770
1675, 1770
1676, 1770
1677, 1770
1678, 1770
1679, 1770
1680, 1770
1681, 1770
1682, 1770
1683, 1770
1684, 1770
1685, 1770
1686, 1770
1687, 1770
1688, 1770
1689, 1770
1690, 1770
1691, 1770
1692, 1770
1693, 1770
1694, 1770
1695, 1770
1696, 1770
1697, 1770
1698, 1770
1699, 1770
1700, 1770
1701, 1770
1702, 1770
1703, 1770
1704, 1770
1705, 1770
1706, 1770
1707, 1770
1708, 1770
1709, 1770
1710, 1770
1711, 1770
1712, 1770
1713, 1770
1714, 1770
1715, 1770
1716, 1770
1717, 1770
1718, 1770
1719, 1770
1720, 1770
1721, 1770
1722, 1770
1723, 1770
1724, 1770
1725, 1770
1726, 1770
1727, 1770
1728, 1770
1729, 1770
1730, 1770
1731, 1770
1732, 1770
1733, 1770
1734, 1770
1735, 1770
1736, 1770
1737, 1770
1738, 1770
1739, 1770
1740, 1770
1741, 1770
1742, 1770
1743, 1770
1744, 1770
1745, 1770
1746, 1770
1747, 1770
1748, 1770
1749, 1770
1750, 1770
1751, 1770
1752, 1770
1753, 1770
1754, 1770
1755, 1770
1756, 1770
1757, 1770
1758, 1770
1759, 1770
1760, 1770
1761, 1770
1762, 1770
1763, 1770
1764, 1770
1765, 1770
1766, 1770
1767, 1770
1768, 1770
1769, 1770
1770, 1770
1771, 1770
1772, 1770
1773, 1770
1774, 1770
1775, 1770
1776, 1770
1777, 1770
1778, 1770
1779, 1770
1780, 1770
1781, 1770
1782, 1770
1783, 1770
1784, 1770
1785, 1770
1786, 1770
1787, 1770
1788, 1770
1789, 1770
1790, 1770
1791, 1770
1792, 1770
1793, 1770
1794, 1770
1795, 1770
1796, 1770
1797, 1770
1798, 1770
1799, 1770
1800, 1770
1801, 1770
1802, 1770
1803, 1770
1804, 1770
1805, 1770
1806, 1770
1807, 1770
1808, 1770
1809, 1770
1810, 1770
1811, 1770
1812, 1770
1813, 1770
1814, 1770
1815, 1770
1816, 1770
1817, 1770
1818, 1770
1819, 1770
1820, 1770
1821, 1770
1822, 1770
1823, 1770
1824, 1770
1825, 1770
1826, 1770
1827, 1770
1828, 1770
1829, 1770
1830, 1770
1831, 1770
1832, 1770
1833, 1770
1834, 1770
1835, 1770
1836, 1770
1837, 1770
1838, 1770
1839, 1770
1840, 1770
1841, 1770
1842, 1770
1843, 1770
1844, 1770
1845, 1770
1846, 1770
1847, 1770
1848, 1770
1849, 1770
1850, 1770
1851, 1770
1852, 1770
1853, 1770
1854, 1770
1855, 1770
1856, 1770
1857, 1770
1858, 1770
1859, 1770
1860, 1770
1861, 1770
1862, 1770
1863, 1770
1864, 1770
1865, 1770
1866, 1770
1867, 1770
1868, 1770
1869, 1770
1870, 1770
1871, 1770
1872, 1770
1873, 1770
1874, 1770
1875, 1770
1876, 1770
1877, 1770
1878, 1770
1879, 1770
1880, 1770
1881, 1770
1882, 1770
1883, 1770
1884, 1770
1885, 1770
1886, 1770
1887, 1770
1888, 1770
1889, 1770
1890, 1770
1891, 1770
1892, 1770
1893, 1770
1894, 1770
1895, 1770
1896, 1770
1897, 1770
1898, 1770
1899, 1770
1900, 1770
1901, 1770
1902, 1770
1903, 1770
1904, 1770
1905, 1770
1906, 1770
1907, 1770
1908, 1770
1909, 1770
1910, 1770
1911, 1770
1912, 1770
1913, 1770
1914, 1770
1915, 1770
1916, 1770
1917, 1770
1918, 1770
1919, 1770
1920, 1770
1921, 1770
1922, 1770
1923, 1770
1924, 1770
1925, 1770
1926, 1770
1927, 1770
1928, 1770
1929, 1770
1930, 1456
1931, 1770
1932, 1770
1933, 1770
1934, 1770
1935, 1770
1936, 1770
1937, 1770
1938, 1770
1939, 1770
1940, 1770
1941, 1770
1942, 1770
1943, 1770
1944, 1770
1945, 1770
1946, 1770
1947, 1770
1948, 1770
1949, 1770
1950, 1770
1951, 1770
1952, 1770
1953, 1770
1954, 1770
1955, 1770
1956, 1770
1957, 1770
1958, 1770
1959, 1770
1960, 1770
1961, 1770
1962, 1770
1963, 1770
1964, 1770
1965, 1770
1966, 1770
1967, 1770
1968, 1770
1969, 1770
1970, 1770
1971, 1770
1972, 1770
1973, 1770
1974, 1770
1975, 1770
1976, 1770
1977, 1770
1978, 1770
1979, 1770
1980, 1770
1981, 1770
1982, 1770
1983, 1770
1984, 1770
1985, 1770
1986, 1770
1987, 1770
1988, 1770
1989, 1770
1990, 1770
1991, 1770
1992, 1770
1993, 1770
1994, 1770
1995, 1770
1996, 1770
1997, 1770
1998, 1770
1999, 1770
2000, 1770
2001, 1770
2002, 1770
2003, 1770
2004, 1770
2005, 1770
2006, 1770
2007, 1770
2008, 1770
2009, 1770
2010, 1770
2011, 1770
2012, 1770
2013, 1770
2014, 1770
2015, 1770
2016, 1770
2017, 1770
2018, 1770
2019, 1770
2020, 1770
2021, 1770
2022, 1770
2023, 1770
2024, 1770
2025, 1770
2026, 1770
2027, 1770
2028, 1770
2029, 1770
2030, 1770
2031, 1770
2032, 1770
2033, 1770
2034, 1770
2035, 1770
2036, 1770
2037, 1770
2038, 1770
2039, 1770
2040, 1770
2041, 1770
2042, 1770
2043, 1770
2044, 1770
2045, 1770
2046, 1770
2047, 1770
2048, 1802
2049, 1770
2050, 1770
2051, 1770
2052, 1770
2053, 1770
2054, 1770
2055, 1770
2056, 1770
2057, 1770
2058, 1770
2059, 1770
2060, 1770
2061, 1770
2062, 1770
2063, 1770
2064, 1770
2065, 1770
2066, 1770
2067, 1770
2068, 1770
2069, 1770
2070, 1770
2071, 1770
2072, 1770
2073, 1770
2074, 1770
2075, 1770
2076, 1770
2077, 1770
2078, 1770
2079, 1770
2080, 1770
2081, 1770
2082, 1770
2083, 1770
2084, 1770
2085, 1770
2086, 1770
2087, 1770
2088, 1770
2089, 1770
2090, 1770
2091, 1770
2092, 1770
2093, 1770
2094, 1770
2095, 1770
2096, 1770
2097, 1770
2098, 1770
2099, 1770
2100, 1770
2101, 1770
2102, 1770
2103, 1770
2104, 1770
2105, 1770
2106, 1770
2107, 1770
2108, 1770
2109, 1770
2110, 1770
2111, 1770
2112, 1770
2113, 1770
2114, 1770
2115, 1770
2116, 1770
2117, 1770
2118, 1770
2119, 1770
2120, 1770
2121, 1770
2122, 1770
2123, 1770
2124, 1770
2125, 1770
2126, 1770
2127, 1770
2128, 1770
2129, 1770
2130, 1770
2131, 1770
2132, 1770
2133, 1770
2134, 1770
2135, 1770
2136, 1770
2137, 1770
2138, 1770
2139, 1770
2140, 1770
2141, 1770
2142, 1770
2143, 1770
2144, 1770
2145, 1770
2146, 1770
2147, 1770
2148, 1770
2149, 1770
2150, 1770
2151, 1770
2152, 1770
2153, 1770
2154, 1770
2155, 1770
2156, 1770
2157, 1770
2158, 1770
2159, 1770
2160, 1770
2161, 1770
2162, 1770
2163, 1770
2164, 1770
2165, 1770
2166, 1770
2167, 1770
2168, 1770
2169, 1770
2170, 1770
2171, 1770
2172, 1770
2173, 1770
2174, 1770
2175, 1770
2176, 1770
2177, 1770
2178, 1770
2179, 1770
2180, 1770
2181, 1770
2182, 1770
2183, 1770
2184, 1770
2185, 1770
2186, 1770
2187, 1770
2188, 1770
2189, 1770
2190, 1770
2191, 1770
2192, 1770
2193, 1770
2194, 1770
2195, 1770
2196, 1770
2197, 1770
2198, 1770
2199, 1770
2200, 1770
2201, 1770
2202, 1770
2203, 1770
2204, 1770
2205, 1770
2206, 1770
2207, 1770
2208, 1770
2209, 1770
2210, 1770
2211, 1770
2212, 1770
2213, 1770
2214, 1770
2215, 1770
2216, 1770
2217, 1770
2218, 1770
2219, 1770
2220, 1770
2221, 1770
2222, 1770
2223, 1770
2224, 1770
2225, 1770
2226, 1770
2227, 1770
2228, 1770
2229, 1770
2230, 1770
2231, 1770
2232, 1770
2233, 1770
2234, 1770
2235, 1770
2236, 1770
2237, 1770
2238, 1770
2239, 1770
2240, 1770
2241, 1770
2242, 1770
2243, 1770
2244, 1770
2245, 1770
2246, 1770
2247, 1770
2248, 1770
2249, 1852
2250, 1770
2251, 1770
2252, 1770
2253, 1770
2254, 1770
2255, 1770
2256, 1770
2257, 1770
2258, 1770
2259, 1770
2260, 1770
2261, 1770
2262, 1770
2263, 1770
2264, 1770
2265, 1770
2266, 1770
2267, 1770
2268, 1770
2269, 1770
2270, 1770
2271, 1770
2272, 1770
2273, 1770
2274, 1770
2275, 1770
2276, 1770
2277, 1770
2278, 1770
2279, 1770
2280, 1770
2281, 1770
2282, 1770
2283, 1770
2284, 1770
2285, 1770
2286, 1770
2287, 1770
2288, 1770
2289, 1770
2290, 1770
2291, 1770
2292, 1770
2293, 1770
2294, 1770
2295, 1770
2296, 1770
2297, 1770
2298, 1770
2299, 1770
2300, 1770
2301, 1770
2302, 1770
2303, 1770
2304, 1770
2305, 1770
2306, 1770
2307, 1770
2308, 1770
2309, 1770
2310, 1770
2311, 1770
2312, 1770
2313, 1770
2314, 1770
2315, 1770
2316, 1770
2317, 1770
2318, 1770
2319, 1770
2320, 1770
2321, 1770
2322, 1770
2323, 1770
2324, 1770
2325, 1770
2326, 1770
2327, 1770
2328, 1770
2329, 1770
2330, 1770
2331, 1770
2332, 1770
2333, 1770
2334, 1770
2335, 1770
2336, 1770
2337, 1770
2338, 1770
2339, 1770
2340, 1770
2341, 1770
2342, 1770
2343, 1770
2344, 1770
2345, 1770
2346, 1770
2347, 1770
2348, 1770
2349, 1770
2350, 1770
2351, 1770
2352, 1770
2353, 1770
2354, 1770
2355, 1770
2356, 1770
2357, 1770
2358, 1770
2359, 1770
2360, 1770
2361, 1770
2362, 1770
2363, 1770
2364, 1770
2365, 1770
2366, 1770
2367, 1770
2368, 1770
2369, 1770
2370, 1770
2371, 1770
2372, 1770
2373, 1770
2374, 1770
2375, 1770
2376, 1770
2377, 1770
2378, 1770
2379, 1770
2380, 1770
2381, 1770
2382, 1770
2383, 1770
2384, 1770
2385, 1770
2386, 1770
2387, 1770
2388, 1770
2389, 1770
2390, 1770
2391, 1770
2392, 1770
2393, 1770
2394, 1770
2395, 1770
2396, 1770
2397, 1770
2398, 1770
2399, 1770
2400, 1770
2401, 1770
2402, 1770
2403, 1770
2404, 1770
2405, 1770
2406, 1770
2407, 1770
2408, 1770
2409, 1770
2410, 1770
2411, 1770
2412, 1770
2413, 1770
2414, 1770
2415, 1770
2416, 1770
2417, 1770
2418, 1770
2419, 1770
2420, 1770
2421, 1770
2422, 1770
2423, 1770
2424, 1770
2425, 1770
2426, 1770
2427, 1770
2428, 1770
2429, 1770
2430, 2380
2431, 1770
2432, 1770
2433, 1770
2434, 1770
2435, 1770
2436, 1770
2437, 1770
2438, 1770
2439, 1770
2440, 1770
2441, 1770
2442, 1770
2443, 1770
2444, 1770
2445, 1770
2446, 1770
2447, 1770
2448, 1770
2449, 1770
2450, 1770
2451, 1770
2452, 1770
2453, 1770
2454, 1770
2455, 1770
2456, 1770
2457, 1770
2458, 1770
2459, 1770
2460, 1770
2461, 1770
2462, 1770
2463, 1770
2464, 1770
2465, 1770
2466, 1770
2467, 1770
2468, 1770
2469, 1770
2470, 1770
2471, 1770
2472, 1770
2473, 1770
2474, 1770
2475, 1770
2476, 1770
2477, 1770
2478, 1770
2479, 1770
2480, 1770
2481, 1770
2482, 1770
2483, 1770
2484, 1770
2485, 1770
2486, 1770
2487, 1770
2488, 1770
2489, 1770
2490, 1770
2491, 1770
2492, 1770
2493, 1770
2494, 1770
2495, 1770
2496, 1770
2497, 1770
2498, 1770
2499, 1770
2500, 1770
2501, 1770
2502, 1770
2503, 1770
2504, 1770
2505, 1770
2506, 1770
2507, 1770
2508, 1770
2509, 1770
2510, 1770
2511, 1770
2512, 1770
2513, 1770
2514, 1770
2515, 1770
2516, 1770
2517, 1770
2518, 1770
2519, 1770
2520, 1770
2521, 1770
2522, 1770
2523, 1770
2524, 1770
2525, 1770
2526, 1770
2527, 1770
2528, 1770
2529, 1770
2530, 1770
2531, 1770
2532, 1770
2533, 1770
2534, 1770
2535, 1770
2536, 1770
2537, 1770
2538, 1770
2539, 1770
2540, 1770
2541, 1770
2542, 1770
2543, 1770
2544, 1770
2545, 1770
2546, 1770
2547, 1770
2548, 1770
2549, 1770
2550, 1770
2551, 1770
2552, 1770
2553, 1770
2554, 1770
2555, 1770
2556, 1770
2557, 1770
2558, 1770
2559, 1770
2560, 1770
2561, 1770
2562, 1770
2563, 1770
2564, 1770
2565, 1770
2566, 1770
2567, 1770
2568, 1770
2569, 1770
2570, 1770
2571, 1770
2572, 1770
2573, 1770
2574, 1770
2575, 1770
2576, 1770
2577, 1770
2578, 1770
2579, 1770
2580, 1770
2581, 1770
2582, 1770
2583, 1770
2584, 1770
2585, 1770
2586, 1770
2587, 1770
2588, 1770
2589, 1770
2590, 1770
2591, 1770
2592, 1770
2593, 1770
2594, 1770
2595, 1770
2596, 1770
2597, 1770
2598, 1770
2599, 1770
2600, 1770
2601, 1770
2602, 1770
2603, 1770
2604, 1770
2605, 1770
2606, 1770
2607, 1770
2608, 1770
2609, 1770
2610, 1770
2611, 1770
2612, 1770
2613, 1770
2614, 1770
2615, 1770
2616, 1770
2617, 1770
2618, 1770
2619, 1770
2620, 1770
2621, 1770
2622, 1770
2623, 1770
2624, 1770
2625, 1770
2626, 1770
2627, 1770
2628, 1770
2629, 1770
2630, 1770
2631, 1770
2632, 1770
2633, 1770
2634, 1770
2635, 1770
2636, 1770
2637, 1770
2638, 1770
2639, 1770
2640, 1770
2641, 1770
2642, 1770
2643, 1770
2644, 1770
2645, 1770
2646, 1770
2647, 1770
2648, 1770
2649, 1770
2650, 1770
2651, 1770
2652, 1770
2653, 1770
2654, 1770
2655, 1770
2656, 1770
2657, 1770
2658, 1770
2659, 1770
2660, 1770
2661, 1770
2662, 1770
2663, 1770
2664, 1770
2665, 1770
2666, 1770
2667, 1770
2668, 1770
2669, 1770
2670, 1770
2671, 1770
2672, 1770
2673, 1770
2674, 1770
2675, 1770
2676, 1770
2677, 1770
2678, 1770
2679, 1770
2680, 1770
2681, 1770
2682, 1770
2683, 1770
2684, 1770
2685, 1770
2686, 1770
2687, 1770
2688, 1770
2689, 1770
2690, 1770
2691, 1770
2692, 1770
2693, 1770
2694, 1770
2695, 1770
2696, 1770
2697, 1770
2698, 1770
2699, 1770
2700, 1770
2701, 1770
2702, 1770
2703, 1770
2704, 1770
2705, 1770
2706, 1770
2707, 1770
2708, 1770
2709, 1770
2710, 1770
2711, 1770
2712, 1770
2713, 1770
2714, 1770
2715, 1770
2716, 1770
2717, 1770
2718, 1770
2719, 1770
2720, 1770
2721, 1770
2722, 1770
2723, 1770
2724, 1770
2725, 1770
2726, 1770
2727, 1770
2728, 1770
2729, 1770
2730, 1770
2731, 1770
2732, 1770
2733, 1770
2734, 1770
2735, 1770
2736, 1770
2737, 1770
2738, 1770
2739, 1770
2740, 1770
2741, 1770
2742, 1770
2743, 1770
2744, 1770
2745, 1770
2746, 1770
2747, 1770
2748, 1770
2749, 1770
2750, 1770
2751, 1770
2752, 1770
2753, 1770
2754, 1770
2755, 1770
2756, 1770
2757, 1770
2758, 1770
2759, 1770
2760, 1770
2761, 1770
2762, 1770
2763, 1770
2764, 1770
2765, 1770
2766, 1770
2767, 1770
2768, 1770
2769, 1770
2770, 1770
2771, 1770
2772, 1770
2773, 1770
2774, 1770
2775, 1770
2776, 1770
2777, 1770
2778, 1770
2779, 1770
2780, 1770
2781, 1770
2782, 1770
2783, 1770
2784, 1770
2785, 1770
2786, 1770
2787, 1770
2788, 1770
2789, 1770
2790, 1770
2791, 1770
2792, 1770
2793, 1770
2794, 1770
2795, 1770
2796, 1770
2797, 1770
2798, 1770
2799, 1770
2800, 1770
2801, 1770
2802, 1770
2803, 1770
2804, 1770
2805, 1770
2806, 1770
2807, 1770
2808, 1770
2809, 1770
2810, 1770
2811, 1770
2812, 1770
2813, 1770
2814, 1770
2815, 1770
2816, 1770
2817, 1770
2818, 1770
2819, 1770
2820, 1770
2821, 1770
2822, 1770
2823, 1770
2824, 1770
2825, 1770
2826, 1770
2827, 1770
2828, 1770
2829, 1770
2830, 1770
2831, 1770
2832, 1770
2833, 1770
2834, 1770
2835, 1770
2836, 1770
2837, 1770
2838, 1770
2839, 1770
2840, 1770
2841, 1770
2842, 1770
2843, 1770
2844, 1770
2845, 1770
2846, 1770
2847, 1770
2848, 1770
2849, 1770
2850, 1770
2851, 1770
2852, 1770
2853, 1770
2854, 1770
2855, 1770
2856, 1770
2857, 1770
2858, 1770
2859, 1770
2860, 1770
2861, 1770
2862, 1770
2863, 1770
2864, 1770
2865, 1770
2866, 1770
2867, 1770
2868, 1770
2869, 1770
2870, 1770
2871, 1770
2872, 1770
2873, 1770
2874, 1770
2875, 1770
2876, 1770
2877, 1770
2878, 1770
2879, 1770
2880, 1770
2881, 1770
2882, 1770
2883, 1770
2884, 1770
2885, 1770
2886, 1770
2887, 1770
2888, 1770
2889, 1770
2890, 1770
2891, 1770
2892, 1770
2893, 1770
2894, 1770
2895, 1799
2896, 1770
2897, 1770
2898, 1770
2899, 1770
2900, 1770
2901, 1770
2902, 1770
2903, 1770
2904, 1770
2905, 1770
2906, 1770
2907, 1770
2908, 1770
2909, 1770
2910, 1770
2911, 1770
2912, 1770
2913, 1770
2914, 1770
2915, 1770
2916, 1770
2917, 1770
2918, 1770
2919, 1770
2920, 1770
2921, 1770
2922, 1770
2923, 1770
2924, 1770
2925, 1770
2926, 1770
2927, 1770
2928, 1770
2929, 1770
2930, 1770
2931, 1770
2932, 1770
2933, 1770
2934, 1770
2935, 1770
2936, 1770
2937, 1770
2938, 1770
2939, 1770
2940, 1770
2941, 1770
2942, 1770
2943, 1770
2944, 1770
2945, 1770
2946, 1770
2947, 1770
2948, 1770
2949, 1770
2950, 1770
2951, 1770
2952, 1770
2953, 1770
2954, 1770
2955, 1770
2956, 1770
2957, 1770
2958, 1770
2959, 1770
2960, 1770
2961, 1770
2962, 1770
2963, 1770
2964, 1770
2965, 1770
2966, 1770
2967, 1770
2968, 1770
2969, 1770
2970, 1770
2971, 1770
2972, 1770
2973, 1770
2974, 1770
2975, 1770
2976, 1770
2977, 1770
2978, 1770
2979, 1770
2980, 1770
2981, 1770
2982, 1770
2983, 1770
2984, 1770
2985, 1770
2986, 1770
2987, 1770
2988, 1770
2989, 1770
2990, 1770
2991, 1770
2992, 1770
2993, 1770
2994, 1770
2995, 1770
2996, 1770
2997, 1770
2998, 1770
2999, 1770
3000, 1770
3001, 1770
3002, 1770
3003, 1770
3004, 1770
3005, 1770
3006, 1770
3007, 1770
3008, 1770
3009, 1770
3010, 1770
3011, 1770
3012, 1770
3013, 1770
3014, 1770
3015, 1770
3016, 1770
3017, 1770
3018, 1770
3019, 1770
3020, 1770
3021, 1770
3022, 1770
3023, 1770
3024, 1770
3025, 1770
3026, 1770
3027, 1770
3028, 1770
3029, 1770
3030, 1770
3031, 1770
3032, 1770
3033, 1770
3034, 1770
3035, 1770
3036, 1770
3037, 1770
3038, 1770
3039, 1770
3040, 1770
3041, 1770
3042, 1770
3043, 1770
3044, 1770
3045, 1770
3046, 1770
3047, 1770
3048, 1770
3049, 1770
3050, 1770
3051, 1770
3052, 1770
3053, 1770
3054, 1770
3055, 1770
3056, 1770
3057, 1770
3058, 1770
3059, 1770
3060, 1770
3061, 1770
3062, 1770
3063, 1770
3064, 1770
3065, 1770
3066, 1770
3067, 1770
3068, 1770
3069, 1770
3070, 1770
3071, 1770
3072, 1770
3073, 1770
3074, 1770
3075, 1770
3076, 1770
3077, 1770
3078, 1770
3079, 1770
3080, 1770
3081, 1770
3082, 1770
3083, 1770
3084, 1770
3085, 1770
3086, 1770
3087, 1770
3088, 1770
3089, 1770
3090, 1770
3091, 1770
3092, 1770
3093, 1770
3094, 1770
3095, 1770
3096, 1770
3097, 1770
3098, 1770
3099, 1770
3100, 1770
3101, 1770
3102, 1770
3103, 1770
3104, 1770
3105, 1770
3106, 1770
3107, 1770
3108, 1770
3109, 1770
3110, 1770
3111, 723
3112, 1770
3113, 1770
3114, 1770
3115, 1770
3116, 1770
3117, 1770
3118, 1770
3119, 1770
3120, 1770
3121, 1770
3122, 1770
3123, 1770
3124, 1770
3125, 1770
3126, 1770
3127, 1770
3128, 1770
3129, 1770
3130, 1770
3131, 1770
3132, 1770
3133, 1770
3134, 1770
3135, 1770
3136, 1770
3137, 1770
3138, 1770
3139, 1770
3140, 1770
3141, 1770
3142, 1770
3143, 1770
3144, 1770
3145, 1770
3146, 1770
3147, 1770
3148, 1770
3149, 1770
3150, 1770
3151, 1770
3152, 1770
3153, 1770
3154, 1770
3155, 1770
3156, 1770
3157, 1770
3158, 1770
3159, 1770
3160, 1770
3161, 1770
3162, 1770
3163, 1770
3164, 1770
3165, 1770
3166, 1770
3167, 1770
3168, 1770
3169, 1770
3170, 1770
3171, 1770
3172, 1770
3173, 1770
3174, 1770
3175, 1770
3176, 1770
3177, 1770
3178, 1770
3179, 1770
3180, 1770
3181, 1770
3182, 1770
3183, 1770
3184, 1770
3185, 1770
3186, 1770
3187, 1770
3188, 1770
3189, 1770
3190, 1770
3191, 1770
3192, 1770
3193, 1770
3194, 1770
3195, 1770
3196, 1770
3197, 1770
3198, 1770
3199, 1770
3200, 1770
3201, 1770
3202, 1770
3203, 1770
3204, 1770
3205, 1770
3206, 1770
3207, 1770
3208, 1770
3209, 1770
3210, 1770
3211, 1770
3212, 1770
3213, 1770
3214, 1770
3215, 1770
3216, 1770
3217, 1770
3218, 1770
3219, 1770
3220, 1770
3221, 1770
3222, 1770
3223, 1770
3224, 1770
3225, 1770
3226, 1770
3227, 1770
3228, 1770
3229, 1770
3230, 1770
3231, 1770
3232, 1770
3233, 1770
3234, 1770
3235, 1770
3236, 1770
3237, 1770
3238, 1770
3239, 1770
3240, 1770
3241, 1770
3242, 1770
3243, 1770
3244, 1770
3245, 1770
3246, 1770
3247, 1770
3248, 1770
3249, 1770
3250, 1770
3251, 1770
3252, 1770
3253, 1770
3254, 1770
3255, 1770
3256, 1770
3257, 1770
3258, 1770
3259, 1770
3260, 1770
3261, 1770
3262, 1770
3263, 1770
3264, 1770
3265, 1770
3266, 1770
3267, 1770
3268, 1770
3269, 1770
3270, 1770
3271, 1770
3272, 1770
3273, 1770
3274, 1770
3275, 1770
3276, 1770
3277, 1770
3278, 1770
3279, 1770
3280, 1770
3281, 1770
3282, 1770
3283, 1770
3284, 1770
3285, 1770
3286, 1770
3287, 1770
3288, 1770
3289, 1770
3290, 1770
3291, 1770
3292, 1770
3293, 1770
3294, 1770
3295, 1770
3296, 1770
3297, 1770
3298, 1770
3299, 1770
3300, 1770
3301, 1770
3302, 1770
3303, 1770
3304, 1770
3305, 1770
3306, 1770
3307, 1770
3308, 1770
3309, 1770
3310, 1770
3311, 1770
3312, 1770
3313, 1770
3314, 1770
3315, 1770
3316, 1770
3317, 1770
3318, 1770
3319, 1770
3320, 1770
3321, 1770
3322, 1770
3323, 1770
3324, 1770
3325, 1770
3326, 1770
3327, 1770
3328, 1770
3329, 1770
3330, 1770
3331, 1770
3332, 1770
3333, 1770
3334, 1770
3335, 1770
3336, 1770
3337, 1770
3338, 1770
3339, 1770
3340, 1770
3341, 1770
3342, 1770
3343, 1770
3344, 1770
3345, 1770
3346, 1770
3347, 1770
3348, 1770
3349, 1770
3350, 1770
3351, 1770
3352, 1770
3353, 1770
3354, 1770
3355, 1770
3356, 1770
3357, 1770
3358, 1770
3359, 1770
3360, 1770
3361, 1770
3362, 1770
3363, 1770
3364, 1770
3365, 1770
3366, 1770
3367, 1770
3368, 1770
3369, 1770
3370, 1770
3371, 1770
3372, 1770
3373, 1770
3374, 1770
3375, 1770
3376, 1770
3377, 1770
3378, 1770
3379, 1770
3380, 1770
3381, 1770
3382, 1770
3383, 1770
3384, 1770
3385, 1770
3386, 1770
3387, 1770
3388, 1770
3389, 1770
3390, 1770
3391, 1770
3392, 1770
3393, 1770
3394, 1770
3395, 1770
3396, 1770
3397, 1770
3398, 1770
3399, 1770
3400, 1770
3401, 1770
3402, 1770
3403, 1770
3404, 1770
3405, 1770
3406, 1770
3407, 1770
3408, 1770
3409, 1770
3410, 1770
3411, 1770
3412, 1770
3413, 1770
3414, 1770
3415, 1770
3416, 1770
3417, 1770
3418, 1770
3419, 1770
3420, 1770
3421, 1770
3422, 1770
3423, 1770
3424, 1770
3425, 1770
3426, 1770
3427, 1770
3428, 1770
3429, 1770
3430, 1770
3431, 1770
3432, 1770
3433, 1770
3434, 1770
3435, 1770
3436, 1770
3437, 1770
3438, 1770
3439, 1770
3440, 1770
3441, 1770
3442, 1770
3443, 1770
3444, 1770
3445, 1770
3446, 1770
3447, 1770
3448, 1770
3449, 1770
3450, 1770
3451, 1770
3452, 1770
3453, 1770
3454, 1770
3455, 1770
3456, 1770
3457, 1770
3458, 1770
3459, 1770
3460, 1770
3461, 1770
3462, 1770
3463, 1770
3464, 1770
3465, 1770
3466, 1770
3467, 1770
3468, 1770
3469, 1770
3470, 1770
3471, 1770
3472, 1770
3473, 1770
3474, 1770
3475, 1770
3476, 1770
3477, 1770
3478, 1770
3479, 1770
3480, 1770
3481, 1770
3482, 1770
3483, 1770
3484, 1770
3485, 1770
3486, 1770
3487, 1770
3488, 1770
3489, 1770
3490, 1770
3491, 1770
3492, 1770
3493, 1770
3494, 1770
3495, 1770
3496, 1770
3497, 1770
3498, 1770
3499, 1770
3500, 1770
3501, 1770
3502, 1770
3503, 1770
3504, 1770
3505, 1770
3506, 1770
3507, 1770
3508, 1770
3509, 1770
3510, 1770
3511, 1770
3512, 1770
3513, 1770
3514, 1770
3515, 1770
3516, 1770
3517, 1770
3518, 1770
3519, 1770
3520, 1770
3521, 1770
3522, 1770
3523, 1770
3524, 1770
3525, 1770
3526, 1770
3527, 1770
3528, 1770
3529, 1770
3530, 1770
3531, 1770
3532, 1770
3533, 1770
3534, 1770
3535, 1770
3536, 1770
3537, 1770
3538, 1770
3539, 1770
3540, 1770
3541, 1770
3542, 1770
3543, 1770
3544, 1770
3545, 1770
3546, 1770
3547, 1770
3548, 1770
3549, 1770
3550, 1770
3551, 1770
3552, 1770
3553, 1770
3554, 1770
3555, 1770
3556, 1770
3557, 1770
3558, 841
3559, 1770
3560, 1770
3561, 1770
3562, 1770
3563, 1770
3564, 1770
3565, 1770
3566, 1770
3567, 1770
3568, 1801
3569, 1770
3570, 1770
3571, 1770
3572, 1770
3573, 1770
3574, 1770
3575, 1770
3576, 1770
3577, 1770
3578, 1770
3579, 1770
3580, 1770
3581, 1770
3582, 1770
3583, 1770
3584, 1770
3585, 1770
3586, 1770
3587, 1770
3588, 1770
3589, 1770
3590, 1770
3591, 1770
3592, 1770
3593, 1770
3594, 1770
3595, 1770
3596, 1770
3597, 1770
3598, 1770
3599, 1770
3600, 1770
3601, 1770
3602, 1770
3603, 1770
3604, 1770
3605, 1770
3606, 1770
3607, 1770
3608, 1770
3609, 1770
3610, 1770
3611, 1770
3612, 1770
3613, 1770
3614, 1770
3615, 1770
3616, 1770
3617, 1770
3618, 1770
3619, 1770
3620, 1770
3621, 1770
3622, 1770
3623, 1770
3624, 1770
3625, 1770
3626, 1770
3627, 1770
3628, 1770
3629, 1770
3630, 1770
3631, 1770
3632, 1770
3633, 1770
3634, 1770
3635, 1770
3636, 1770
3637, 1770
3638, 1770
3639, 1770
3640, 1770
3641, 1770
3642, 1770
3643, 1770
3644, 1770
3645, 1770
3646, 1770
3647, 1770
3648, 1770
3649, 1770
3650, 1770
3651, 1770
3652, 1770
3653, 1770
3654, 1770
3655, 1770
3656, 1770
3657, 1770
3658, 1770
3659, 1770
3660, 1770
3661, 1770
3662, 1770
3663, 1770
3664, 1770
3665, 1770
3666, 1770
3667, 1770
3668, 1770
3669, 1770
3670, 1770
3671, 1770
3672, 1770
3673, 1770
3674, 1770
3675, 1770
3676, 1770
3677, 1770
3678, 1770
3679, 1770
3680, 1770
3681, 1770
3682, 1770
3683, 1770
3684, 1770
3685, 1770
3686, 1770
3687, 1770
3688, 1770
3689, 1770
3690, 1770
3691, 1770
3692, 1770
3693, 1770
3694, 1770
3695, 1770
3696, 1770
3697, 1770
3698, 1770
3699, 1770
3700, 1770
3701, 1770
3702, 1770
3703, 1770
3704, 1770
3705, 1770
3706, 1770
3707, 1770
3708, 1770
3709, 1770
3710, 1770
3711, 1770
3712, 1770
3713, 1770
3714, 1770
3715, 1770
3716, 1770
3717, 1770
3718, 1770
3719, 1770
3720, 1770
3721, 1770
3722, 1770
3723, 1770
3724, 1770
3725, 1770
3726, 1770
3727, 1770
3728, 1770
3729, 1770
3730, 1770
3731, 1770
3732, 1770
3733, 1770
3734, 1770
3735, 1770
3736, 1770
3737, 1770
3738, 1770
3739, 1770
3740, 1770
3741, 1770
3742, 1770
3743, 1770
3744, 1770
3745, 1770
3746, 1770
3747, 1770
3748, 1770
3749, 1770
3750, 1770
3751, 1770
3752, 1770
3753, 1770
3754, 1770
3755, 1770
3756, 1770
3757, 1770
3758, 1770
3759, 1770
3760, 1770
3761, 1770
3762, 1770
3763, 1770
3764, 1770
3765, 1770
3766, 1770
3767, 1770
3768, 1770
3769, 1770
3770, 1770
3771, 1770
3772, 1770
3773, 1770
3774, 1770
3775, 1770
3776, 1770
3777, 1770
3778, 1770
3779, 1770
3780, 1770
3781, 1770
3782, 1770
3783, 1770
3784, 1770
3785, 1770
3786, 1770
3787, 1770
3788, 1770
3789, 1770
3790, 1770
3791, 1770
3792, 1770
3793, 1770
3794, 1770
3795, 1770
3796, 1770
3797, 1770
3798, 1770
3799, 1770
3800, 1770
3801, 1770
3802, 1770
3803, 1770
3804, 1770
3805, 1770
3806, 1770
3807, 1770
3808, 1770
3809, 1770
3810, 1770
3811, 1770
3812, 1770
3813, 1770
3814, 1770
3815, 1770
3816, 1770
3817, 1770
3818, 1770
3819, 1770
3820, 1770
3821, 1770
3822, 1770
3823, 1770
3824, 1770
3825, 1770
3826, 1770
3827, 1770
3828, 1770
3829, 1770
3830, 1770
3831, 1770
3832, 1770
3833, 1770
3834, 1770
3835, 1770
3836, 1770
3837, 1770
3838, 1770
3839, 1770
3840, 1770
3841, 1770
3842, 1770
3843, 1770
3844, 1770
3845, 1770
3846, 1770
3847, 1770
3848, 1770
3849, 1770
3850, 1770
3851, 1770
3852, 1770
3853, 1770
3854, 1770
3855, 1770
3856, 1770
3857, 1770
3858, 1770
3859, 1770
3860, 1770
3861, 1770
3862, 1770
3863, 1770
3864, 1770
3865, 1770
3866, 1770
3867, 1770
3868, 1770
3869, 1770
3870, 1770
3871, 1770
3872, 1770
3873, 1770
3874, 1770
3875, 1770
3876, 1770
3877, 1770
3878, 1770
3879, 1770
3880, 1770
3881, 1770
3882, 1770
3883, 1770
3884, 1770
3885, 1770
3886, 1770
3887, 1770
3888, 1770
3889, 1770
3890, 1770
3891, 1770
3892, 1770
3893, 1770
3894, 1770
3895, 1770
3896, 1770
3897, 1770
3898, 1770
3899, 1770
3900, 1770
3901, 1770
3902, 1770
3903, 1770
3904, 1770
3905, 1770
3906, 1770
3907, 1770
3908, 1770
3909, 1770
3910, 1770
3911, 1770
3912, 1770
3913, 1770
3914, 1770
3915, 1770
3916, 1770
3917, 1770
3918, 1770
3919, 1770
3920, 1770
3921, 1770
3922, 1770
3923, 1770
3924, 1770
3925, 1770
3926, 1770
3927, 1770
3928, 1770
3929, 1770
3930, 1770
3931, 1770
3932, 1770
3933, 1770
3934, 1770
3935, 1770
3936, 1770
3937, 1770
3938, 1770
3939, 1770
3940, 1770
3941, 1770
3942, 1770
3943, 1770
3944, 1770
3945, 1770
3946, 1770
3947, 1770
3948, 1770
3949, 1770
3950, 1770
3951, 1770
3952, 1770
3953, 1770
3954, 1770
3955, 1770
3956, 1770
3957, 1770
3958, 1770
3959, 1770
3960, 1770
3961, 1770
3962, 1770
3963, 1770
3964, 1770
3965, 1770
3966, 1770
3967, 1770
3968, 1770
3969, 1770
3970, 1770
3971, 1770
3972, 1770
3973, 1770
3974, 1770
3975, 1770
3976, 1770
3977, 1770
3978, 1770
3979, 1770
3980, 1770
3981, 1770
3982, 1770
3983, 1770
3984, 1770
3985, 1770
3986, 1770
3987, 1770
3988, 1770
3989, 1770
3990, 1770
3991, 1770
3992, 1770
3993, 1770
3994, 1770
3995, 1770
3996, 1770
3997, 1770
3998, 1770
3999, 1770
4000, 1770
4001, 1770
4002, 1770
4003, 1770
4004, 1770
4005, 1770
4006, 1770
4007, 1770
4008, 1770
4009, 1770
4010, 1770
4011, 1770
4012, 1770
4013, 1770
4014, 1770
4015, 1770
4016, 1770
4017, 1770
4018, 1770
4019, 1770
4020, 1770
4021, 1770
4022, 1770
4023, 1770
4024, 1770
4025, 1770
4026, 1770
4027, 1776
4028, 1770
4029, 1770
4030, 1770
4031, 1770
4032, 1770
4033, 1770
4034, 1770
4035, 1770
4036, 1770
4037, 1770
4038, 1770
4039, 1770
4040, 1770
4041, 1770
4042, 1770
4043, 1770
4044, 1770
4045, 1770
4046, 1770
4047, 1770
4048, 1770
4049, 1770
4050, 1770
4051, 1770
4052, 1770
4053, 1770
4054, 1770
4055, 1770
4056, 1770
4057, 1770
4058, 1770
4059, 1770
4060, 1770
4061, 1770
4062, 1770
4063, 1770
4064, 1770
4065, 1770
4066, 1770
4067, 1770
4068, 1770
4069, 1770
4070, 1770
4071, 1770
4072, 1770
4073, 1770
4074, 1770
4075, 1770
4076, 1770
4077, 1770
4078, 1770
4079, 1770
4080, 1770
4081, 1770
4082, 1770
4083, 1770
4084, 1770
4085, 1770
4086, 1770
4087, 1770
4088, 1770
4089, 1770
4090, 1770
4091, 1770
4092, 1770
4093, 1770
4094, 1770
4095, 1770
4096, 1770
4097, 1770
4098, 1770
4099, 1770
4100, 1770
4101, 1770
4102, 1770
4103, 1770
4104, 1770
4105, 1770
4106, 1770
4107, 1770
4108, 1770
4109, 1770
4110, 1770
4111, 1770
4112, 1770
4113, 1770
4114, 1770
4115, 1770
4116, 1770
4117, 1770
4118, 1770
4119, 1770
4120, 1770
4121, 1770
4122, 1770
4123, 1770
4124, 1770
4125, 1770
4126, 1770
4127, 1770
4128, 1770
4129, 1770
4130, 1770
4131, 1770
4132, 1770
4133, 1770
4134, 1770
4135, 1770
4136, 1770
4137, 1770
4138, 1770
4139, 1770
4140, 1770
4141, 1770
4142, 1770
4143, 1770
4144, 1770
4145, 1770
4146, 1770
4147, 1770
4148, 1770
4149, 1770
4150, 1770
4151, 1770
4152, 1770
4153, 1770
4154, 1770
4155, 1770
4156, 1770
4157, 1770
4158, 1770
4159, 1770
4160, 1770
4161, 1770
4162, 1770
4163, 1770
4164, 1770
4165, 1770
4166, 1770
4167, 1770
4168, 1770
4169, 1770
4170, 1770
4171, 1770
4172, 1770
4173, 1796
4174, 1770
4175, 1770
4176, 1770
4177, 1770
4178, 1770
4179, 1770
4180, 1770
4181, 1770
4182, 1770
4183, 1770
4184, 1770
4185, 1770
4186, 1770
4187, 1770
4188, 1770
4189, 1770
4190, 1770
4191, 1770
4192, 1770
4193, 1770
4194, 1770
4195, 1770
4196, 1770
4197, 1770
4198, 1770
4199, 1770
4200, 1770
4201, 1770
4202, 1770
4203, 1770
4204, 1770
4205, 1770
4206, 1770
4207, 1770
4208, 1770
4209, 1770
4210, 1770
4211, 1770
4212, 1770
4213, 1770
4214, 1770
4215, 1770
4216, 1770
4217, 1770
4218, 1770
4219, 1770
4220, 1770
4221, 1770
4222, 1770
4223, 1770
4224, 1770
4225, 1770
4226, 1770
4227, 1770
4228, 1770
4229, 1770
4230, 1770
4231, 1770
4232, 1770
4233, 1770
4234, 1770
4235, 1770
4236, 1770
4237, 1770
4238, 1770
4239, 1770
4240, 1770
4241, 1770
4242, 1770
4243, 1770
4244, 1770
4245, 1770
4246, 1770
4247, 1770
4248, 1770
4249, 1770
4250, 1770
4251, 1770
4252, 1770
4253, 1770
4254, 1770
4255, 1770
4256, 1770
4257, 1770
4258, 1770
4259, 1770
4260, 1770
4261, 1770
4262, 1770
4263, 1770
4264, 1770
4265, 1770
4266, 1770
4267, 1770
4268, 1770
4269, 1770
4270, 1770
4271, 1770
4272, 1770
4273, 1770
4274, 1770
4275, 1770
4276, 1770
4277, 1770
4278, 1770
4279, 1770
4280, 1770
4281, 1770
4282, 1770
4283, 1770
4284, 1770
4285, 1770
4286, 1770
4287, 1770
4288, 1770
4289, 1770
4290, 1770
4291, 1770
4292, 1770
4293, 1770
4294, 1770
4295, 1770
4296, 1770
4297, 1770
4298, 1770
4299, 1770
4300, 1770
4301, 1770
4302, 1770
4303, 1770
4304, 1770
4305, 1770
4306, 1770
4307, 1770
4308, 1770
4309, 1770
4310, 1770
4311, 1770
4312, 1770
4313, 1770
4314, 1770
4315, 1770
4316, 1770
4317, 1770
4318, 1770
4319, 1770
4320, 1770
4321, 1770
4322, 1770
4323, 1770
4324, 1770
4325, 1770
4326, 1770
4327, 1770
4328, 1770
4329, 1770
4330, 1770
4331, 1770
4332, 1770
4333, 1770
4334, 1770
4335, 1770
4336, 1770
4337, 1770
4338, 1770
4339, 1770
4340, 1770
4341, 1770
4342, 1770
4343, 1770
4344, 1770
4345, 1770
4346, 1770
4347, 1770
4348, 1770
4349, 1770
4350, 1770
4351, 1770
4352, 1770
4353, 1770
4354, 1770
4355, 1770
4356, 1770
4357, 1770
4358, 1770
4359, 1770
4360, 1770
4361, 1770
4362, 1770
4363, 1770
4364, 1770
4365, 1770
4366, 1770
4367, 1770
4368, 1770
4369, 1770
4370, 1770
4371, 1770
4372, 1770
4373, 1770
4374, 1770
4375, 1770
4376, 1770
4377, 1770
4378, 1770
4379, 1770
4380, 1770
4381, 1770
4382, 1770
4383, 1770
4384, 1770
4385, 1770
4386, 1770
4387, 1770
4388, 1770
4389, 1770
4390, 1770
4391, 1770
4392, 1770
4393, 1770
4394, 1770
4395, 1770
4396, 1770
4397, 1770
4398, 1770
4399, 1770
4400, 1770
4401, 1770
4402, 1770
4403, 1770
4404, 1770
4405, 1770
4406, 1770
4407, 1770
4408, 1770
4409, 1770
4410, 1770
4411, 1770
4412, 1770
4413, 1770
4414, 1770
4415, 1770
4416, 1770
4417, 1770
4418, 1770
4419, 1770
4420, 1770
4421, 1770
4422, 1770
4423, 1770
4424, 1770
4425, 1770
4426, 1770
4427, 1770
4428, 1770
4429, 1770
4430, 1770
4431, 1770
4432, 1770
4433, 1770
4434, 1770
4435, 1770
4436, 1770
4437, 1770
4438, 1770
4439, 1770
4440, 1770
4441, 1770
4442, 1770
4443, 1770
4444, 1770
4445, 1770
4446, 1770
4447, 1770
4448, 1770
4449, 1770
4450, 1770
4451, 1770
4452, 1770
4453, 1770
4454, 1770
4455, 1770
4456, 1770
4457, 1770
4458, 1770
4459, 1770
4460, 1770
4461, 1770
4462, 1770
4463, 1770
4464, 1770
4465, 1770
4466, 1770
4467, 1770
4468, 1770
4469, 1770
4470, 1770
4471, 1770
4472, 1770
4473, 1770
4474, 1770
4475, 1770
4476, 1770
4477, 1770
4478, 1770
4479, 1770
4480, 1770
4481, 1770
4482, 1770
4483, 1770
4484, 1770
4485, 1770
4486, 1770
4487, 1770
4488, 1770
4489, 1770
4490, 1770
4491, 1770
4492, 1770
4493, 1770
4494, 1770
4495, 1770
4496, 1770
4497, 1770
4498, 1770
4499, 1770
4500, 1770
4501, 1770
4502, 1770
4503, 1770
4504, 1770
4505, 1770
4506, 1770
4507, 1770
4508, 1770
4509, 1770
4510, 1770
4511, 1770
4512, 1770
4513, 1770
4514, 1770
4515, 1770
4516, 1770
4517, 1770
4518, 1770
4519, 1770
4520, 1770
4521, 1770
4522, 1770
4523, 1770
4524, 1770
4525, 1770
4526, 1770
4527, 1770
4528, 1770
4529, 1770
4530, 1770
4531, 1770
4532, 1770
4533, 1770
4534, 1770
4535, 1770
4536, 1770
4537, 1770
4538, 1770
4539, 1770
4540, 1770
4541, 1770
4542, 1770
4543, 1770
4544, 1770
4545, 1770
4546, 1770
4547, 1770
4548, 1770
4549, 1770
4550, 1770
4551, 1770
4552, 1770
4553, 1770
4554, 1770
4555, 1770
4556, 1770
4557, 1770
4558, 1770
4559, 1770
4560, 1770
4561, 1770
4562, 1770
4563, 1770
4564, 1770
4565, 1770
4566, 1770
4567, 1770
4568, 1770
4569, 1770
4570, 1770
4571, 1770
4572, 1770
4573, 1770
4574, 1770
4575, 1770
4576, 1770
4577, 1770
4578, 1770
4579, 1770
4580, 1770
4581, 1770
4582, 1770
4583, 1770
4584, 1770
4585, 1770
4586, 1770
4587, 1770
4588, 1770
4589, 1770
4590, 1770
4591, 1770
4592, 1770
4593, 1770
4594, 1770
4595, 1770
4596, 1770
4597, 1770
4598, 1770
4599, 1770
4600, 1770
4601, 1770
4602, 1770
4603, 1770
4604, 1770
4605, 1770
4606, 1770
4607, 1770
4608, 1770
4609, 1770
4610, 1770
4611, 1770
4612, 1770
4613, 1770
4614, 1770
4615, 1770
4616, 1770
4617, 1770
4618, 1770
4619, 1770
4620, 1770
4621, 1770
4622, 1770
4623, 1770
4624, 1770
4625, 1770
4626, 1770
4627, 1770
4628, 1770
4629, 1770
4630, 1770
4631, 1770
4632, 1770
4633, 1770
4634, 1770
4635, 1770
4636, 1770
4637, 1770
4638, 1770
4639, 1770
4640, 1770
4641, 1770
4642, 1770
4643, 1770
4644, 1770
4645, 1770
4646, 1770
4647, 1770
4648, 1770
4649, 1770
4650, 1770
4651, 1770
4652, 1770
4653, 1770
4654, 1770
4655, 1770
4656, 1770
4657, 1770
4658, 1770
4659, 1770
4660, 1770
4661, 1770
4662, 1770
4663, 1770
4664, 1770
4665, 1770
4666, 1770
4667, 1770
4668, 1770
4669, 1770
4670, 1770
4671, 1770
4672, 1770
4673, 1770
4674, 1770
4675, 1770
4676, 1770
4677, 1770
4678, 1770
4679, 1770
4680, 1770
4681, 1770
4682, 1770
4683, 1770
4684, 1770
4685, 1770
4686, 1770
4687, 1770
4688, 1770
4689, 1770
4690, 1770
4691, 1770
4692, 1770
4693, 1770
4694, 1770
4695, 1770
4696, 1770
4697, 1770
4698, 1770
4699, 1770
4700, 1770
4701, 1770
4702, 1770
4703, 1770
4704, 1770
4705, 1770
4706, 1770
4707, 1770
4708, 1770
4709, 1770
4710, 1770
4711, 1770
4712, 1770
4713, 1770
4714, 1770
4715, 1770
4716, 1770
4717, 1770
4718, 1770
4719, 1770
4720, 1770
4721, 1770
4722, 1770
4723, 1770
4724, 1770
4725, 1770
4726, 1770
4727, 1770
4728, 1770
4729, 1770
4730, 1770
4731, 1770
4732, 1770
4733, 1770
4734, 1770
4735, 1770
4736, 1770
4737, 1770
4738, 1770
4739, 1770
4740, 1770
4741, 1770
4742, 1770
4743, 1770
4744, 1770
4745, 1770
4746, 1770
4747, 1770
4748, 1770
4749, 1770
4750, 1770
4751, 1770
4752, 1770
4753, 1770
4754, 1770
4755, 1770
4756, 1770
4757, 1770
4758, 1770
4759, 1770
4760, 1770
4761, 1770
4762, 1770
4763, 1770
4764, 1770
4765, 1770
4766, 1770
4767, 1770
4768, 1770
4769, 1770
4770, 1770
4771, 1770
4772, 1770
4773, 1770
4774, 1770
4775, 1770
4776, 1770
4777, 1770
4778, 1770
4779, 1770
4780, 1770
4781, 1770
4782, 1770
4783, 1770
4784, 1770
4785, 1770
4786, 1770
4787, 1770
4788, 1770
4789, 1770
4790, 1770
4791, 1770
4792, 1770
4793, 1770
4794, 1770
4795, 1770
4796, 1770
4797, 1770
4798, 1770
4799, 1770
4800, 1770
4801, 1770
4802, 1770
4803, 1770
4804, 1770
4805, 1770
4806, 1770
4807, 1770
4808, 1770
4809, 1770
4810, 1770
4811, 1770
4812, 1770
4813, 1770
4814, 1770
4815, 1770
4816, 1770
4817, 1770
4818, 1770
4819, 1770
4820, 1770
4821, 1770
4822, 1770
4823, 1770
4824, 1770
4825, 1770
4826, 1770
4827, 1770
4828, 1770
4829, 1770
4830, 1770
4831, 1770
4832, 1770
4833, 1770
4834, 1770
4835, 1770
4836, 1770
4837, 1770
4838, 1770
4839, 1770
4840, 1770
4841, 1770
4842, 1770
4843, 1770
4844, 1770
4845, 1770
4846, 1770
4847, 1770
4848, 1770
4849, 1770
4850, 1770
4851, 1770
4852, 1770
4853, 1770
4854, 1770
4855, 1770
4856, 1770
4857, 1770
4858, 1770
4859, 1770
4860, 1770
4861, 1770
4862, 1770
4863, 1770
4864, 1770
4865, 1770
4866, 1770
4867, 1770
4868, 1770
4869, 1770
4870, 1770
4871, 1770
4872, 1770
4873, 1770
4874, 1770
4875, 1770
4876, 1770
4877, 1770
4878, 1770
4879, 1770
4880, 1770
4881, 1770
4882, 1770
4883, 1770
4884, 1770
4885, 1787
4886, 1770
4887, 1770
4888, 1770
4889, 1770
4890, 1770
4891, 1770
4892, 1770
4893, 1770
4894, 1770
4895, 1770
4896, 1770
4897, 1770
4898, 1770
4899, 1770
4900, 1770
4901, 1770
4902, 1770
4903, 1770
4904, 1770
4905, 1770
4906, 1770
4907, 1770
4908, 1770
4909, 1770
4910, 1770
4911, 1770
4912, 1770
4913, 1770
4914, 1770
4915, 1770
4916, 1770
4917, 1770
4918, 1770
4919, 1770
4920, 1770
4921, 1770
4922, 1770
4923, 1770
4924, 1770
4925, 1770
4926, 1770
4927, 1770
4928, 1770
4929, 1770
4930, 1770
4931, 1770
4932, 1770
4933, 1770
4934, 1770
4935, 1770
4936, 1770
4937, 1770
4938, 1770
4939, 1770
4940, 1770
4941, 1770
4942, 1770
4943, 1770
4944, 1770
4945, 1770
4946, 1770
4947, 1770
4948, 1770
4949, 1770
4950, 1770
4951, 1770
4952, 1770
4953, 1770
4954, 1770
4955, 1770
4956, 1770
4957, 1770
4958, 1770
4959, 1770
4960, 1770
4961, 1770
4962, 1770
4963, 1770
4964, 1770
4965, 1770
4966, 1770
4967, 1770
4968, 1770
4969, 1770
4970, 1770
4971, 1770
4972, 1770
4973, 1770
4974, 1770
4975, 1770
4976, 1770
4977, 1770
4978, 1770
4979, 1770
4980, 1770
4981, 1770
4982, 1770
4983, 1770
4984, 1770
4985, 1770
4986, 1770
4987, 1770
4988, 1770
4989, 1770
4990, 1770
4991, 1770
4992, 1770
4993, 1770
4994, 1770
4995, 1770
4996, 1770
4997, 1770
4998, 1770
4999, 1770
5000, 1770
5001, 1770
5002, 1770
5003, 1770
5004, 1770
5005, 1770
5006, 1770
5007, 1770
5008, 1770
5009, 1770
5010, 1770
5011, 1770
5012, 1770
5013, 1792
5014, 1770
5015, 1770
5016, 1770
5017, 1770
5018, 1770
5019, 1770
5020, 1770
5021, 1770
5022, 1770
5023, 1770
5024, 1770
5025, 1770
5026, 1770
5027, 1770
5028, 1770
5029, 1770
5030, 1770
5031, 1770
5032, 1770
5033, 1770
5034, 1770
5035, 1770
5036, 1770
5037, 1770
5038, 1770
5039, 1770
5040, 1770
5041, 1770
5042, 1770
5043, 1770
5044, 1770
5045, 1770
5046, 1770
5047, 1770
5048, 1770
5049, 1770
5050, 1770
5051, 1770
5052, 1770
5053, 1770
5054, 1770
5055, 1770
5056, 1770
5057, 1770
5058, 1770
5059, 1770
5060, 1770
5061, 1770
5062, 1770
5063, 1770
5064, 1770
5065, 1770
5066, 1770
5067, 1770
5068, 1770
5069, 1783
5070, 1770
5071, 1770
5072, 1621
5073, 1770
5074, 1770
5075, 1770
5076, 1770
5077, 1770
5078, 1770
5079, 1770
5080, 1770
5081, 1770
5082, 1770
5083, 1770
5084, 1770
5085, 1770
5086, 1770
5087, 1770
5088, 1770
5089, 1770
5090, 1770
5091, 1770
5092, 1770
5093, 1770
5094, 1770
5095, 1770
5096, 1770
5097, 1770
5098, 1770
5099, 1770
5100, 7693
